{"F": 1685377563.352038, "P": 800.0, "I": "RPMDeseado"},{"F": 1685377563.352038, "P": 7, "I": "PTorque"}